,post_title,post_timestamp,post_content
0,Times Square right now,2021-01-30 18:00:38,
1,UPVOTE so everyone sees we got SUPPORT,2021-01-28 13:40:34,
2,GME YOLO update â€” Jan 28 2021,2021-01-28 21:06:23,
3,GME YOLO month-end update â€” Jan 2021,2021-01-29 21:04:45,
4,"CLASS ACTION AGAINST ROBINHOOD. Allowing people to only sell is the definition of market manipulation. A class action must be started, Robinhood has made plenty of money off selling info about our trades to the hedge funds to be able to pay out a little for causing people to loose money now",2021-01-28 13:49:11,"LEAVE ROBINHOOD. They dont deserve to make money off us after the millions they caused in losses. It might take a couple of days, but send Robinhood to the ground and GME to the moon."
5,Itâ€™s treason then,2021-01-29 23:40:59,
6,"Used some of my GME tendies to buy Nintendo Switches from Gamestop, then donated them to a Children's Hospital. Got featured on the local news and brought glory to WSB.",2021-01-30 02:53:40,
7,GME YOLO update â€” Feb 19 2021,2021-02-19 21:05:55,
8,GME YOLO update â€” Jan 27 2021 --------------------------------------- guess i need 102 characters in title now,2021-01-27 21:15:35,
9,IT'S POWER TO THE TRADERS NOW,2021-01-29 01:35:58,
10,GME YOLO update â€” Feb 1 2021,2021-02-01 21:07:36,
11,Can we all take a moment and appreciate the Mods who have grinded through this and held our community together. Thank you.,2021-01-28 00:57:32,
12,Wow super bowl commercial for us,2021-02-07 22:58:50,
13,Thatâ€™s what I thought,2021-01-30 00:24:35,
14,I am proud to do my part in paying forward our good fortune with a donation of 6 Nintendo Switches and games to go with them to the Childrenâ€™s Minnesota Hospital. Cant Stop. Wonâ€™t Stop. GameStop. (Still long 50 shares I WILL NOT SELL),2021-01-31 01:04:23,
15,"It runs very deep, my friends.",2021-01-28 21:47:55,
16,Crazy mannnnnnn. We can't let this slide at all,2021-01-28 18:42:01,
17,Drew this for you my fellow retards ğŸ’ğŸ™ŒğŸ¼,2021-01-31 20:04:58,
18,Mark Cuban spent nearly 2 hours answering questions in his AMA. And then immediately called into CNBC to defend WSB!,2021-02-02 16:25:43,
19,AOC got our backs,2021-01-27 21:55:22,
20,Iâ€™m so proud of you all.,2021-01-28 21:33:21,
21,WE'RE IN THE ENDGAME NOW,2021-01-29 08:21:42,
22,WSB right now,2021-02-02 22:32:08,
23,In honor of finally seeing the almighty u/deepfuckingvalue. We must now do our part in having him written in the history books as the greatest that WallStreetBets has ever seen.,2021-01-29 17:58:34,
24,Congress might do something for once,2021-01-28 23:18:35,
25,"Not sure if anyone posted this here, but yikes",2021-01-28 22:50:11,
26,IMPORTANT!! THERE ARE NO SELLERS!!! DO NOT PANIC IF YOU SEE PRICE DROP HOLD THE LINE! UPVOTE SO PEOPLE DONâ€™T PANIC.,2021-01-28 15:50:05,
27,"Hey everyone, Its Mark Cuban. Jumping on to do an AMA.... so Ask Me Anything",2021-02-02 14:35:23,Lets Go !
28,GME YOLO update â€” Feb 2 2021,2021-02-02 21:11:48,
29,Doing my part,2021-01-28 21:10:30,
30,Our favourite analyst. ğŸš€ğŸš€ğŸ™ŒğŸ’ğŸŒ•,2021-01-30 19:46:11,
31,In case you needed proof that there are imposters among us. A bot posting the same negative sentiment comment multiple times per minute ğŸŒˆğŸ»,2021-02-01 22:00:53,
32,Forever never dies ğŸ¥°,2021-01-31 02:36:00,
33,Fake news ğŸ¤£,2021-02-01 17:26:40,
34,Mic drop,2021-01-28 22:12:04,
35,"WSB PIONEER. FEARLESS BAG HOLDER. BETTER THAN DIAMOND HANDS. RICHER THAN YOUR WIFEâ€™S BOYFRIENDâ€™S UNCLE. YES, THIS IS NONE OTHER THAN DEEPFUCKINGVALUE HIMSELF.",2021-01-29 16:10:59,
36,"WSB, WHAT IS YOUR STRATEGY? ğŸ’âœ‹ğŸš€",2021-01-29 12:04:34,
37,We are all the way up,2021-01-29 00:10:53,
38,"Today, Interactive Brokers CEO admits that without the buying restrictions, $GME would have gone up in to the thousands",2021-02-18 01:37:20,
39,If I can hold at -$10MM then you can hold too. ğŸ’ğŸ™Œ,2021-01-28 16:11:24,
40,"An Open Letter to Melvin Capital, CNBC, Boomers, and WSB",2021-01-28 05:06:14," **Mods do not delete, this is important to me, please read**

&#x200B;

I was in my early teens during the '08 crisis. I vividly remember the enormous repercussions that the reckless actions by those on Wall Street had in my personal life, and the lives of those close to me. I was fortunate - my parents were prudent and a little paranoid, and they had some food storage saved up. When that crisis hit our family, we were able to keep our little house, but we lived off of pancake mix, and powdered milk, and beans and rice for a year. Ever since then, my parents have kept a food storage, and they keep it updated and fresh.

Those close to me, my friends and extended family, were not nearly as fortunate. My aunt moved in with us and paid what little rent she could to my family while she tried to find any sort of work. Do you know what tomato soup made out of school cafeteria ketchup packets taste like? My friends got to find out. Almost a year after the crisis' low, my dad had stabilized our income stream and to help out others, he was hiring my friends' dads for odd house work. One of them built a new closet in our guest room. Another one did some landscaping in our backyard. I will forever be so proud of my parents, because in a time of need, even when I have no doubt money was still tight, they had the mindfulness and compassion to help out those who absolutely needed it.

To Melvin Capital: you stand for everything that I hated during that time. You're a firm who makes money off of exploiting a company and manipulating markets and media to your advantage. Your continued existence is a sharp reminder that the ones in charge of so much hardship during the '08 crisis were not punished. And your blatant disregard for the law, made obvious months ago through your (for the Melvin lawyers out there: alleged) illegal naked short selling and more recently your obscene market manipulation after hours shows that you haven't learned a single thing since '08. And why would you? Your ilk were bailed out and rewarded for terrible and illegal financial decisions that negatively changed the lives of millions. I bought shares a few days ago. I dumped my savings into GME, paid my rent for this month with my credit card, and dumped my rent money into more GME (which for the people here at WSB, I would not recommend). And I'm holding. This is personal for me, and millions of others. You can drop the price of GME after hours $120, I'm not going anywhere. You can pay for thousands of reddit bots, I'm holding. You can get every mainstream media outlet to demonize us, I don't care. I'm making this as painful as I can for you.

To CNBC: you must realize your short term gains through promoting institutions' agenda is just that - short term. Your staple audience will soon become too old to care, and the millions of us, not just at WSB but every person affected by the '08 crash that's now paying attention to GME, are going to remember how you stuck up for the firms that ruined so many of us, and tried to tear down the little guys. I know for sure I'll remember this. In response, here is a [list of CNBC sponsors and partners](https://www.cnbcevents.com/sponsors/). They include, but are not limited to, **IBM**, **Cisco**, **TMobile**, **JPMorgan**, **Oracle**, and **ZipRecruiter**. Their parent company is [NBCUniversal](https://en.wikipedia.org/wiki/NBCUniversal), owned by **Comcast** and **GE**.

To the boomers, and/or people close to that age, just now paying attention to these ""millennial blog posts"": you realize that, even if you weren't adversely effected by the '08 crash, your children and perhaps grandchildren most likely were? *We're not enemies, we're on the same side*. Stop listening to the media that's making us out to be market destroyers, and start rooting for us, because we have a once in a lifetime opportunity to punish the sort of people who caused so much pain and stress a decade ago, and we're taking that opportunity. Your children, your grandchildren, might have suffered as I described because of the institutions that we're fighting against. You really want to choose them, over your own family and friends? We're not asking you to risk your 401k or retirement fund on a single GME bet. We're just asking you to be understanding, supportive, and to not support the people that caused so much suffering a decade ago.

To WSB: you all are amazing. I imagine that I'm not the only one that this is personal for. I've read myself so many posts on what you guys went through during the '08 crash. Whether you're here for the gains, to stick it to the man as I am, or just to be part of a potentially market changing movement - thank you. Each and every one of you are the reason that we have this chance. I've never felt this optimistic about the future before. This is life changing amounts of money for so many of you, and to be part of a rare instance of a wealth distribution from the rich to the poor is just incredible. I love you all.

&#x200B;

&#x200B;

Note: I can't seem to get a hold of mods and they keep fucking removing the post. I have no idea how to get this to stick and its important to me that the people I'm addressing read it."
41,Robinhood will not let new options or shares be bought apparently. This is market manipulation lol,2021-01-28 13:07:54,
42,Like this post if you are holding!!ğŸ’ The real squeeze is yet to happenğŸš€,2021-01-28 16:30:30,"Buy more during dips if you can, but at least hold.

We just have to hold until they fold. Today's actions by several brokers just show how desperate the hedge funds are getting.

Hold with your immovable diamond hands for all that you hold dear and we will be breaking Wall Street **TOGETHER** while making gargantuan tendies in the end!

**WE LIKE THE STOCK.**

Comment with brokers that aren't corruptible and that we can move to fast!

**YOU CAN STILL BUY ON**  
**Fidelity** (10k instant deposit, accounts can be opened quickly)  
**Others:** Vanguard, Revolut, TastyWorks, Charles Schwab, TD Ameritrade, Webull, Degiro, Wells Fargo, M1, Public, etc.

*Edit*: It seems like TD Ameritrade, Webull, M1 Finance, and Public have removed their restrictions. Brokers are folding to the political support we are receiving.

[**http://isthesqueezesquoze.com/**](http://isthesqueezesquoze.com/)"
43,GME YOLO update â€” Feb 3 2021 â€“ heads up gonna back off the daily updates for now,2021-02-03 21:18:25,
44,PREACH,2021-01-27 18:29:26,
45,GME YOLO month-end update â€” Feb 2021,2021-02-26 21:07:18,
46,"I don't need Fox Business to hold me accountable, but I'll take it!",2021-02-25 20:59:06,
47,First of many lawsuits I hope ğŸ¤ğŸ» out of this bullshit!!!! #DownWithTheHOOD,2021-01-28 17:39:53,
48,GME YOLO update â€” Jan 26 2021,2021-01-26 21:08:03,
49,"Billboard in Oklahoma City, OK! If someone can rent out a billboard for GME you can hold your shares!!! ğŸ’ ğŸ–!!!! (Left watermark for credit)",2021-01-30 09:03:15,
50,Billboard! Went full retard!ğŸš€ğŸš€ North of Dallas along super busy I-35,2021-02-03 00:30:51,
51,Charles Payne gets it!,2021-01-28 16:07:39,
52,"u/DeepFuckingValue is being asked to testify in the upcoming GameStop hearing. ""Diamond hands and tendies gonna enter the Congressional Record""",2021-02-03 23:43:48,
53,Honor to Diamond Hands.,2021-01-29 19:20:06,
54,"Cool, but why would they bother telling us?",2021-01-30 22:43:28,
55,"Listen, itâ€™s easy",2021-02-06 02:18:11,
56,CNN BACK. OFF. This is a LIE. Literally a 5 second scroll of our board would inform this to be untrue. EDUCATE yourselves!!!!!,2021-02-01 15:57:51,
57,Welcome to the Endgame.,2021-01-30 14:38:11,
58,Do you think he realized it YES OR NO,2021-02-19 13:55:48,
59,You know something is about to go down when most members of Congress are United over Wall Street trying to fuck us.,2021-01-28 20:20:57,
60,"Ladies and gentlemen, The Roaring Kitty.",2021-02-18 17:01:02,
61,"DFVâ€™s smile, heâ€™s watching all us apes support him.",2021-02-18 21:50:14,
62,Where do we go from here and who is going to step up to help us?,2021-01-28 00:36:02,"We have grown to the kind of size we only dreamed of in the time it takes to get a bad nights sleep. We've got so many comments and submissions that we can't possibly even read them all, let alone act on them as moderators. We wrote software to do most of the moderation for us but that software isn't allowed to read the Reddit new feed fast enough and submit responses, and the admins haven't given us special access despite asking for it.

We're suffering from success and our Discord was the first casualty. You know as well as I do that if you gather 250k people in one spot someone is going to say something that makes you look bad. That room was golden and the people that run it are awesome. We blocked all bad words with a bot, which should be enough, but apparently if someone can say a bad word with weird unicode icelandic characters and someone can screenshot it you don't get to hang out with your friends anymore. Discord did us dirty and **I am not impressed with them destroying our community** instead of stepping in with the wrench we may have needed to fix things, especially after we got over 1,000 server boosts. That is pretty unethical.

To add to this, people are co-opting our name on twitter. I won't mention their accounts, but lots of handles with ""wsb"" and ""wallstreetbets"" in them are pretending to speak for us. They're saying things that we don't agree with, driving traffic to derivative communities and shitty pixelated merch stores, and generally making it harder for us to define who we are. There's also too much political bullshit in a community that was never *ever* political. The only way I want to occupy Wall St is in a suit myself or rent-free in the mind of a blown up short.

~~That is why I'm throwing my support behind the Twitter handle in general. We need a way to PUBLICLY reach out to the staff of the infrastructure that is failing us so the world can see that we aren't doing anything wrong here if they don't respond. We need to be able to respond directly to a reporter that is lying to the world about our clubhouse. We can't be expected to meet any expectations when we aren't given the tools we need.~~

~~That's not to say I approve of every message or will even be in the loop for all of them, but it's clear to me we can't do nothing and we need a megaphone.~~

~~We'll do our best not to pretend to speak for you, but to try to speak with the volume our name now seems to command to get shit done for us.~~

EDIT: As of recent developments the aforementioned twitter handle is obviously not legit anymore. Phew."
63,Oops,2021-01-28 15:06:40,
64,DFV,2021-01-29 13:29:38,
65,Just bought $1MM worth of $GME. My profits from years of trading. Letâ€™s stick it to the HFs! ğŸ¦ strong together. ğŸ’ ğŸ™Œ,2021-02-01 16:17:28,
66,To the person that's the laughing stonk of their family.,2021-02-07 18:01:40,
67,Pirates of the Wall-Streetibbean,2021-02-05 20:46:35,
68,"BREAKING: SEC reviewing recent trading volatility amid GameStop frenzy, vows to protect â€˜retail investorsâ€™",2021-01-29 14:28:52,
69,ğŸ’ğŸ™Œ Here is our DeepFuckingValue in WSB style - art by crossdogz ğŸš€ğŸš€,2021-01-31 14:36:07,
70,"Huge shoutout to Kevin O'Leary: ""Definition of the market is speculation. If you are short you know run a new risk that these effective social media vigilantes are going to come after you and squeeze you and its good because it will make a lot of hedge funds think for a second time before shorting.""",2021-01-30 00:37:56,
71,"Good Morning to Everyone Except Robinhood, courtesy of @KasparCMS on Twitter",2021-01-30 18:07:36,
72,"Donâ€™t listen to them, this is them trying to take focus away from GME",2021-02-01 10:34:07,
73,RASHIDA IS WITH US,2021-01-28 15:08:02,
74,To everyone that held,2021-02-25 00:24:26,
75,The Hero we need right now : FUCK ROBINHOOD!,2021-01-28 13:37:00,
76,"THIS GUY IS FLYING A BANNER SAYING ""SUCK MY NUTS ROBINHOOD""",2021-01-30 18:08:16,
77,DO NOT SELL! Robinhood has blocked the buying of more shares. If you try to sell you will get fucked because who are you going to sell it to if nobody can buy it? They are trying to make you flood the market with sales offers and bring the price down. Dont fall for it!,2021-01-28 13:38:34,
78,My 102 year old grandmother bought GME in August 1995 and held through all this time.,2021-02-02 13:29:24,
79,"Give them nothing, but take from them everything",2021-01-28 20:49:55,
80,"You heard him, HOLD! We can take $11.2 BILLION more away from them. Keep those diamond hands and let's send this thing to Alpha Centauri ğŸš€ğŸš€ğŸš€",2021-01-29 18:16:36,
81,DIAMOND HANDS VS THE WORLD ğŸ’ğŸ¤ğŸ’ğŸ’SEE YALL ON THE MOON ğŸš€ğŸš€ğŸš€ğŸš€ğŸš€ğŸš€ğŸš€,2021-02-02 03:46:05,
82,Justin Sun (Asian billionaire) has our back and is joining in.,2021-01-29 11:13:21,
83,"Welcome, new money",2021-02-15 17:00:47,
84,Finished my DIY project just in time for GME to ğŸš€ğŸš€ğŸš€ğŸš€ (percentages simulated to show movement in the video),2021-02-08 20:16:45,
85,He said it!,2021-02-18 17:54:19,
86,CNBC now running Ads promoting that Melvin Capital closed their short positions on $GME,2021-01-29 21:40:43,
87,I asked my cat if I should buy or sell GME,2021-02-28 04:05:33,
88,"ROUND 2! We've refuelled, and now we're going to pluto ğŸš€ğŸ™",2021-02-24 21:53:12,
89,"Mark Cuban said ""once the brokerage stops restricting trades, then we'll see what WSB is really made of"". Well, guess what? Robinhood has removed all restrictions.",2021-02-05 03:32:31,Let's show them what we're made of: retards.
90,Never forget. Last year when this guy soldout the subreddit for personal gain now trying to take credit for your movement for the same reason. #cloutchaser,2021-01-30 16:50:00,
91,Some dickhead on CNN said the government should ban people for talking about the stock market on the internet. This ainâ€™t China bro,2021-01-27 20:46:54,
92,DEEPFUCKINGVALUE just TWEETED! HOLD THE FUCKING LINE!!!!,2021-02-03 17:06:10,
93,Today wasnâ€™t a bloodbath for $GME or $AMC. WE watched LITERAL insanity as Hedgies sat and traded their trash BACK and forth to each other in order to cause YOU to panic. HOLD. BUY.,2021-02-02 01:05:33,"DD I saw posted elsewhere: hedge funds are trying their hardest to short ladder $AMC and $GME. Just hold your stock, buy more if you can afford to! 

Check out real time trade stats by googling: ""Nasdaq AMC real time trades"" and you'll see all the trade orders are 100 share volumes every millisecond. 

These are desperate hedge funds trading their stocks back and forth for a lower and lower price, driving the price down. The price drop means absolutely nothing AS LONG AS EVERYONE IS HOLDING, this will explode!

The shirts tried their damndest to drive down the share prices of both $GME and $AMC today. Specifically look at $AMC. With all that volume traded youâ€™d expect a shitload more movement. What they got was **resistance** You could see them continuing the ladder attack after hours when YOU canâ€™t trade. On BOTH stocks. 

The way forward is to tell them to go fuck themselves and BUY that shit up tomorrow. Let them keep punting the football back and forth to one another all day. If they can double down and play the long game SO can we. 

This is not financial advice. Iâ€™m just a retard who REALLY likes these stocks.

Edit: **LOOK AT THIS SHIT LOL** https://twitter.com/beijing_bobby/status/1356377066988564486/photo/1

Edit 2: **IF YOUâ€™RE WONDERING IF YOU ARE DOING THE RIGHT THING WITH $AMC EL PRES KNOWS AND IS STILL HOLDING.** 
https://twitter.com/Thowe51/status/1356320431142268928?s=20"
94,Who of my 300 brethren's are still in ?,2021-02-03 08:54:46,
95,"When I see the media saying we use ""an offensive term for people with developmental disorders...""",2021-02-19 13:09:37,
96,APES IN CONTROL,2021-02-02 18:01:05,
97,"JOSH SHAPIRO, Attorney General of Pennsylvania, is showing his support on Twitter!!!! ğŸš€ğŸš€",2021-01-28 22:34:47,
98,Doing my part! Just bought a billboard to run all next week on I-35 between Austin and Dallas!,2021-01-30 12:44:20,
99,"When a CNBC anchor asks, ""Is the Reddit Army going to short oil next?""",2021-02-15 14:28:57,
100,Billionaire Investor Mark Cuban Says Reddit Stock Traders Have â€˜Every Right To Kick Wall Streetâ€™s Assâ€™ - All Hail Wise Cuban Man!,2021-02-01 19:03:19,
101,This is what holding the line looks like! Look at that volume. Diamond-Hands keep it up!,2021-02-01 18:21:11,
102,They act like silver is so fetch,2021-02-01 13:56:30,
103,Tried to quickly buy 50k worth of GME before close but fat fingered and ended up buying â€œGMEDâ€,2021-02-25 21:04:25,
104,CNBC Gives Billionaires A Pass But Calls For Regulation When The Little Guy Makes Money,2021-01-27 16:58:44,
105,Apparently itâ€™s only ok when the 1% do it.,2021-01-28 21:39:30,
106,"HOORAY FOR CHARLES PAYNE! â€œThe shorts have had their way with the market for decades, and no one has ever complained about it, so i am thrilled, that individual investors are playing the same game, and now you (big hedge funds) are losingâ€ - Charles Payne.",2021-01-28 06:08:22,
107,WSB'S REVENGE - CALLING ALL ğŸ¦ğŸ¦ğŸ¦ TO KEEP YOUR ğŸŒğŸŒğŸŒ AWAY FROM THE ğŸğŸğŸ,2021-01-28 03:32:49,
108,"Congratulations, /r/wallstreetbets! You are Subreddit of the Day!",2021-01-29 13:47:54,
109,"Hang in there! To the moon? No, to the MOONSK and BEYOND!",2021-02-20 10:52:18,
110,"EUROPE BROS LISTEN UP: Today Is The Day. It's A Zero Sum Game Between Us and Melvin. You came out for us yesterday and we need you again today. Here is where you can buy GME. Good Luck, and POWER TO THE PLAYERS ğŸš€ğŸ’ğŸ¤² ğŸš€",2021-01-28 23:58:22,
111,This is us 2030,2021-01-27 21:48:52,
112,Me right now,2021-02-10 08:16:24,
113,This is just market manipulation,2021-01-28 18:32:15,
114,"CITADEL IS THE 5TH LARGEST OWNER OF SLV, IT'S IMPERATIVE WE DO NOT ""SQUEEZE"" IT. THESE ARE HEDGE FUNDS BOTS SPAMMING AWARDS",2021-01-31 17:20:18,
115,Together no one can stop us !!!,2021-02-03 02:14:54,
116,"Ethan Klein (h3h3 podcast) joins the battle, this is really some Avengers level stuff",2021-01-29 09:51:16,
117,Bloomberg even knows: Stonks (they only go up),2021-02-18 15:57:23,
118,Spread the word! ğŸ’ğŸ¤²,2021-02-01 03:14:44,
119,This money is life changing to me. I could have sold at any time and been set but these hedge funds deserve to burn. Iâ€™m holding if you all are.,2021-01-29 19:28:26,
120,GME YOLO update â€” Jan 22 2021,2021-01-22 21:14:08,
121,Iâ€™m a paper handed bitch. But my student loans are fully paid off now,2021-02-07 04:21:53,
122,Lets goooo!!!,2021-02-03 15:27:58,
123,Recovery Incoming!,2021-02-21 12:51:38,
124,"If this isn't a sign, I don't know what is...ğŸš€ğŸš€ğŸš€ğŸ’ğŸ’ğŸ’ğŸ’ğŸ’ğŸ¤²ğŸ¤²",2021-02-02 23:33:03,
125,Tis a fine day to like the stock,2021-01-29 00:36:51,
126,If this isnâ€™t a sign from God himself,2021-02-20 00:15:38,
127,First AOC and now Ben Shapiro? This is true unity.,2021-01-28 15:26:38,
128,"Can you say ""CLASS ACTION LAWSUIT"". Fuck you RobinHood",2021-01-28 13:16:43,"Edit 6: I created r/ClassActionRobinHood for people to gather around so that my reddit won't crash under the sheer force of autism that my inbox is receiving. This post was just out of frustration and memes over RHs bullshit corruption; I am not a laywer nor am I claiming that i'm going to create a class action by creating this post. You retards do as you wish, feel free to join if you want. Hell, use it as a backup in case something happens to WSB, I don't give a fuck

Edit: Stop giving me these beautiful awards you retards, use the money on GME. 

This is the way. ğŸ’ğŸ™ŒğŸ’. GME GANG FOREVER ğŸš€ğŸš€ğŸš€ğŸš€ğŸš€ğŸš€ğŸš€ğŸš€ğŸš€ğŸš€ğŸš€ğŸš€ğŸš€ğŸš€ğŸš€ğŸš€ğŸš€ğŸš€ğŸš€ STRAIGHT TO THE Nth DIMENSION BOYS ğŸš€ğŸš€ğŸš€ğŸš€ğŸš€ğŸš€

Edit 2: I will be acquiring more shares today. I have 17.7k liquid money in my TD. Bought 15 shares @327. Waiting for another dip to yolo 12.7k into the rest. I have 18 shares holding on RH with average cost of $112. 1000EOD Boys. Fuck the shorts, fuck the establishment. Melvin and friends can suck my fat diamond encrusted cock. Don't forget to leave RH a nice review on the app store thanking them for your gains

Edit 3: I convinced my mother to yolo her stocks into GME early on @90. She still continues to add onto it and as of now she holds 147+ shares and is profiting well over 60k. I don't know what her cost average currently sits at but if my mother can ğŸ’ğŸ™ŒğŸ’ then so can you. She's more diamond-handed than me. Do your part brothers. We'll all be feasting on tendies from our golden plates and washing it down with Shitron tears as we wipe our asses with Melvin bucks by end of next week.

Edit 4: I can't believe how much this is blowing up. I wasn't expecting it. But while I have the spotlight, I just wanted to thank every single one of you from the bottom of my heart. You tards have done absolute wonders for the community and started a financial revolution fueled by memes and autism.
 I read all these stories about how this community has helped people pay off their debts, care for sick loved ones, allowed people to give back to their local communities, and so much more. You guys are the true unsung heroes of this generation and are some of the most wholesome degenerates i've ever seen. This fight isn't about just tendies anymore, its about justice and equality, it's about sticking it to the corporate elites who run the world. Don't let these greedy scumbags take what's rightfully yours, for too long the little guy has been pushed and shoved around but now it's our time to shine. Keep up the good fight and don't back down. ğŸ’ğŸ™ŒğŸ’ for days boys, WE WILL NOT STOP UNTIL WE SEE ELON SHOOT A GME THEMED ROCKET FILLED WITH THE BURNT ASHES OF THESE BASTARDS TO MARS. FUCK SHORTS. THIS ONE IS FOR THE HISTORY BOOKS! ğŸš€ğŸš€ğŸš€ğŸš€ğŸš€ğŸš€ğŸš€ğŸš€ğŸš€ğŸš€ğŸš€ğŸš€ğŸš€ğŸš€ğŸš€ GME 5,000 IS NOT A MEME NOW. POWER TO THE PLAYERS!

EDIT 5: Stop spamming me with awards and upvotes, you retards are crashing my inbox! Put forth all this glorious energy into GME.




TL;DR: GME to 1,000 EOD, GME 5000 EONW. THE SUQEEZE HAS NOT SQUOZEN YET, BUY AND HOLD ğŸ’ğŸ™ŒğŸ’ğŸš€ğŸš€ğŸš€ğŸš€ğŸš€ğŸš€ğŸš€ğŸš€"
129,Donâ€™t be scared by the drop in $BB $GME etc. Hedge Funds trade after hours to scare yâ€™all off... KEEP BUYING AND HOLDING ğŸš€ğŸš€,2021-01-28 09:40:08,
130,Vlad got impaled,2021-01-29 00:26:19,
131,Porn addict hasnâ€™t masturbated in 54 days and $GME is breaking his will,2021-02-02 16:43:13,
132,I suspect the hedgies are illegally covering their short positions,2021-02-02 03:03:05,"TLDR; **Melvin and gang hasn't covered shit. They've been illegally ""closing out"" their short positions and if we hold they will 100% get fucked. There is far more nefarious shit at play.**

So this morning I saw the S3 and Ortex data both report significant covering of short positions for GME. This absolutely threw me for a loop because Friday morning they reported above ~120% short interest still. I could not for the life of me figure out how someone could close >50% of short positions on such a tightly held stock in ONE day with very little trading volume in the week. This got me digging around to figure out what's up.

I started by looking into GME failed to delivers (i.e. short sellers not able to cover their position on a stock) for the first half of January and I was shocked to find that just in the first 15 days of Jan, GME had ~1.2 MILLION failed to delivers. This is before most of wsb or mainstream began buying.

What was interesting though, is that of that ~1.2million, ~700K shares were covered in chunks throughout the two week period. I dug further back into the SEC failed to deliver reports for GME and saw that pattern extending back months. It seemed almost as if the short positions were just being kicked down the road.

Having spent some time looking at the pattern, it's clear a large amount of failed to delivers come in, then a small chunk of coverage, then another large amount, and so on. To me this looked shady af so I looking into reasons that could cause that and discovered this article: https://www.sec.gov/about/offices/ocie/options-trading-risk-alert.pdf

In it, a specific section is eerily similar to what we've experienced with GME:

""Assuming that XYZ (e.g. GME) is a hard to borrow security (e.g. apes holding strong), and that Trader A (Melvin), or its broker-dealer, is unable (apes again) to borrow shares to make delivery on the short sale of actual shares, the short sale may result in a fail to deliver position at Trader Aâ€™s clearing firm. Rather than paying the borrowing fee on the shares to make delivery, or unwinding the position by purchasing the shares in the market, Trader A might next enter into a trade that gives the appearance of satisfying the broker-dealerâ€™s close-out requirement, but in reality allows Trader A to maintain its short position without ever delivering on the short sale. Most often, this is done through the use of a buy-write trade, but may also be done as a married put and may incorporate the use of short term FLEX options. These trades are commonly referred to as â€œreset transactions,â€ in that they have the effect of resetting the time that the broker-dealer must purchase or borrow the stock to close-out a fail. The transactions could be designed solely to give the appearance of delivering the shares, when in reality the trader has no intention of meeting his delivery obligations. Such transactions were alleged by the Commission to be sham transactions in recent enforcement cases. Such transactions between traders or any market participants have also been found to constitute a violation of a clearing firmâ€™s responsibility to close out a failure to deliver.""

It's almost like a play by play of what we've seen (in combination with the ladder attacks). My guess is we'll find out more when the failed to deliver report for the second half of Jan comes out on the 17th.

I 100% think that Melvin is committing massive securities fraud. In fact, I would bet all my money on it - oh wait, I did 96 GME @ 290.

I am now holding on principle to see these fucks fail.

More DD: https://www.reddit.com/user/bcRIPster/comments/labq6u/follow_the_crumbs_gme_exposed_the_meta https://www.sec.gov/data/foiadocsfailsdatahtm

Not a financial adviser, I eat paint chips for dinner

EDIT: Ok, so I've been reading some comments and I wanted to clear a couple things up:

* The failed to deliver number is reported cumulatively. So if you sum everything for the Jan time period it'd come out incorrectly as 5 million. What I'm doing is summing all the *debits* to get an aggregate view of all the failed to delivers in the time range. This process is validated and discussed in other /r/wsb posts

* I know ETF's could have been redeemed by some MM's to gather up GME stock. However I'm not convinced there is enough GME held in ETF's to be a significant factor. Someone in the comments reported this amount to be about ~10M. We would know if a bunch of ETF's rebalanced and dumped GME.

* My number for the Ortex short interest was incorrect, I got mixed around when I wrote this initially. The short interest reported by Ortex on Friday morning was ~80%. The 120 figure for S3 was correct. 

* Please checkout the linked DD - it goes into much more detail and covers things far better than I can. 

* Share this post and the related DD. We need to hold wall street accountable if this is true and I think that starts by spreading the word. 

* I'm going to continue to dig into this tonight / tomorrow. Look forward to a new post tomorrow evening.


If I take an L to 0, I take an L to 0. I don't invest what I can't lose. But you can bet your ass I'll be holding till this blows open.

WE LIKE THE STOCK ğŸ’ğŸ–ï¸"
133,"Whistleblowers are coming out, itâ€™s happening man.",2021-01-28 20:25:59,
134,LET THE PEOPLE TRADE!,2021-01-28 17:43:23,
135,There is no silver short squeeze happening. NONE. NEVER.,2021-02-01 12:08:11,"Silver might go up nicely and for a time but don't get high on hopium, this is not gonna go in the 100s.

https://twitter.com/michaeljburry/status/1356111612759789568

>A corner in the silver market has been tried before - and let's be clear, that is what is being attempted now.  In 1980, a rule change by the government destroyed the corner.  #silverthursday.

https://www.britannica.com/topic/Silver-Thursday

>Silver Thursday, the dramatic fall in the price of silver on March 27, 1980, following the Hunt brothersâ€™ attempt to corner the market on the metal.

-
>Apart from a handful of reigning monarchs and despots, Nelson Bunker Hunt (1926â€“2014) was the richest man in the world at the start of the 1960s. Like his father, the legendary oilman H. L. Hunt, Bunker gambled big and got lucky. By 1970, although his wealth was accumulating faster than he could spend it, he foresaw a volatile economic future. Prevented by Franklin Rooseveltâ€™s 1933 prohibition on U.S. citizens owning gold, Bunker and his younger brother William Herbert (b. 1929) chose silver, then standing at $1.50 per ounce, as their speculative hedge. Their initial caution vanished after Colonel Muammar al-Qaddafi nationalized the Bunkersâ€™ Libyan oil fields in 1973. Furious, and paranoid that paper money would soon be worthless, the Hunt brothers then bought futures contracts on 55 million ounces of silver, eventually accumulating an estimated 100 million ounces of the precious metal. But instead of selling the contracts like normal commodity traders, they took delivery of the bullion and chartered three Boeing 707s to air-freight it to Switzerland.

-
>By 1979, they had engineered a genuine shortage of the metal. The Hunts owned $4.5 billion-worth of shiny, glittering silver, safely stashed in Swiss vaults. Still the price climbed, until on January 17, 1980, an ounce cost $49.45. Such rampant speculation and profits triggered new government oversight, prompting the Federal Reserve to suspend trading in silver. The boom was suddenly over, but the Hunts still had to honour contracts to buy at prices over $50. The day the market plungedâ€”March 27â€”silver fell to $10.80, the metalâ€™s biggest single collapse. Upon losing some $1.7 billion, prompting Bunker to quip, â€œA billion dollars isnâ€™t what it used to be,â€ the Hunts had become the (then) greatest debtors in financial history, and though New York banks allowed them $1.1 billion credit towards clearing their obligations, they were personally bankrupted and later convicted of illegally trying to corner the market on the precious metal; the brothers were fined $10 million each, in addition to the millions they owed to the IRS, and banned from future trading on the commodities market. The Hunts had gambled that silver was undervalued, but they failed because they had made the price of silver too attractive for its own good.

-
>To pay off his staggering debt, Bunker was forced to sell off his beloved stable of thoroughbred horses, three of whom were named Extravagant, Goofed, and Overdrawn. William Herbert remained a billionaire into the 21st century. The character of J. R. Ewing in the original TV series Dallas (1978â€“91) and the Duke Brothers in the movie Trading Places (1983) all drew inspiration from the Hunt family and their larger-than-life careers and personalities."
136,GME Overnight Pajama Party Megathread,2021-01-29 04:05:42,"Yo, health check time:

- Get proper sleep
- Eat proper food
- Stretch occasionally
- ğŸ’¦ HYDRATE ğŸ’¦


I'm sure we've all been glued to our screens all week, but please make sure you take care of yourselves.

If you promise to do a good job, we can take turns piloting the rockets ğŸš€ğŸš€ğŸš€"
137,Robinhood staff unhappy about the trading hault were paid off... With a $40 Doordash credit lmfao.,2021-01-29 17:17:25,
138,Collage of billboards purchased by you beautiful apes.,2021-02-03 17:55:04,
139,WE are Preparing a Class Action LAWSUIT against Robinhood!,2021-01-28 14:57:45,"Hey everyone,

&#x200B;

We all just got screwed by Robinhood's screwup here. I'm friends with a lawyer who says we have a good case for a class action lawsuit.

&#x200B;

Everyone comment here if you have/had shares or calls in GME held in Robinhood at market open today.

&#x200B;

Let's show these guys the system can't fuck with us!

&#x200B;

Edit:

Everyone take screenshots of Robinhood's app saying you can't buy, or blocking your orders.

Edit the 2nd:

Wheeeew lads let's get on it! I'll go through all these pms and comments this afternoon with my lawyer friend. Keep em coming!

And please share!

Edit 3:

OMFG guys I'm getting 1000s of PMs! It'll take a while to sort through them all and reply, but keep messaging and sharing! Also if you were using WeBull or some other brokerage and got blocked, you might as well join too.

\_\_\_\_\_\_\_\_\_\_\_\_\_\_\_\_\_\_\_\_\_\_\_\_\_\_\_\_\_\_\_\_\_\_\_\_\_\_\_\_\_\_\_\_\_\_\_\_\_\_\_\_\_\_\_\_\_\_\_\_\_\_\_\_\_\_\_\_\_\_\_\_\_\_\_\_\_\_\_\_\_\_\_\_\_\_\_\_\_\_\_\_\_\_\_\_\_\_\_\_\_\_

Edit 4:

My team and the lawyers had a conference call, and it's on!

We'll have an update in the next 48 hours with the procedures and next steps.

If you have any questions or concerns, please PM me and I'll try to get through as many as I can once we have more details.

Edit 1/30:

Work is ongoing. Sorry for the lack of news, the lawyers are still getting their ducks in a row. I'll update with more info as soon as it's available.

2/2 Update:

Just to let everyone know where we're at, my team is currently doing the research and building the case. This is a pretty huge lift though, so we're getting people on the team with the expertise needed to give us the best chance of success. It's taking time to get the most qualified people possible, but I want to do this the right way. I hope to have another update with good news in the near future. Thanks for all of the support and encouragement!

PS, sorry guys but I literally can't open my Chats now. Probably has something to do with the 8.9k next to it.... If you need to reach me you can send a Message, or leave a comment and tag my username. 

2/11:
Update: please see the [new survey here.](https://forms.gle/mPLrq329wUDboAdE8)"
140,CNBC is really not holding back I see,2021-02-19 03:29:32,
141,Citadel reloaded their shorts before they told Robinhood to stop trading $GME,2021-01-28 18:10:36,
142,"GME up 37% ""I'm not sure I can take it again""",2021-02-24 20:34:59,
143,They are selling millions of shares from ETFs thatâ€™s why itâ€™s dipping,2021-02-25 14:58:44,"Full Credit to u/HeyItsPixeL one of the best DDs Iâ€™ve ever read

GUYS HOLD I CANT STRESS THIS ENOUGH

(9:51AM): THEY ARE SHORTING $GME VIA 63(!) DIFFERENT ETFS**

**EDIT2 (10AM): 0 SHORTS AVAILABLE FOR $GME RIGHT NOW. THEY BORROWED OVER 2,100,000 SHARES TO SHORT FOR YESTERDAY AND TODAY**! ([https://fintel.io/ss/us/gme](https://fintel.io/ss/us/gme);  [https://iborrowdesk.com/report/GME](https://iborrowdesk.com/report/GME))

**IMPORTANT EDIT(5)(10:41AM):**  CBOE Volatility Index (VIX) ROSE 10 % AND THE WHOLE MARKET IS TAKING DIPS RIGHT NOW. That's exactly what happened back in January in the first Gamma Squeeze. Good sign!

&amp;#x200B;

THE BIGGEST ONES:

ETF 1: [https://iborrowdesk.com/report/VIOV](https://iborrowdesk.com/report/VIOV) \- 15.000 SHARES SOLD SHORT

ETF 2: [https://iborrowdesk.com/report/RWJ](https://iborrowdesk.com/report/RWJ) \- 4.500 SHARES SOLD SHORT

ETF 3: [https://iborrowdesk.com/report/XRT](https://iborrowdesk.com/report/XRT) \- **450.000** SHARES SOLD SHORT

ETF 4: [https://iborrowdesk.com/report/VIOG](https://iborrowdesk.com/report/VIOG) \- 6.000 SHARES SOLD SHORT

ETF 5: [https://iborrowdesk.com/report/IJR](https://iborrowdesk.com/report/IJR) \- **350,000** SHARES SOLD SHORT (Thanks to u/ [JoeCitizen1984](https://www.reddit.com/user/JoeCitizen1984)  for the find!)

EDIT6:  **XRT GME holdings increased from 3% testerday to 9% today. XRT IS ALMOST 200 % SHORT SOLD ATM** ([https://www.etfchannel.com/symbol/xrt/](https://www.etfchannel.com/symbol/xrt/))

EDIT7(12:21AM): CBOE Volatility Index (VIX) ROSE 16 % AND THE WHOLE MARKET IS TAKING DIPS RIGHT NOW. That's exactly what happened back in January in the first Gamma Squeeze. Good sign!

EDIT8(13:43AM): CBOE Volatility Index (VIX) ROSE 25 %!!!!! Also: TECH Stocks are in deep red again. Propably Hedgefunds sellings other assets to prepare for a huge buy of GME.

EDIT10(2:45PM): I added up all of the shorts at the opening! 18,363,000 (18 Million, yes!) Shares were sold short at the beginning of the market. The Hedgies are fucked.

EDIT11(3:30PM): CBOE Volatility Index (VIX) ROSE 40 %!

&amp;#x200B;

Here are the ones they are using as well:

* VTWV
* VCR
* IUSS
* VTWO
* EWSC
* PSCD
* SFYF
* SYLD
* RALS
* FNDB
* VBR
* IJS
* NUSC
* SLYV
* SPSM
* SLY
* FLQS
* IJT
* GSSC
* SLYG
* VXF
* NVQ
* VB
* SAA
* BBSC
* OMFS
* STSB
* SSLY
* SCHA
* PBSM
* UWM
* VTHR
* TILT
* SPDR
* HDG
* AVUS
* DFAU

&amp;#x200B;

Also: **They borrowed 1,500,000** $GME Shares **to short yesterday (**[**https://iborrowdesk.com/report/GME**](https://iborrowdesk.com/report/GME)**)**, but there was no huge drop off or sell volume that would indicate, that they already shorted those. That means, they are now using those shorts as well as the ETFs.

&amp;#x200B;

TL;DR: Millions of shares being sold short today, trying to get people to panic sell. DATA IS FROM 9:45AM.

Edit: Holy shit guys thanks for the support make all of WSB see this

Credit to u/HeyItsPixeL"
144,THE ECONOMY EXPLAINED,2021-02-26 12:04:48,
145,I converted the price of GME to sound and could not believe my ears,2021-02-26 09:26:33,
146,Honorary WSB Autist award goes to Chamath Palihapitiya! He is out here defending us retail investors and calling out hedge funds for their manipulation and bullshit practices that have left retail holding the bag for YEARS. GME goingğŸš€ğŸš€ğŸš€ğŸš€ğŸš€ğŸš€,2021-01-27 17:23:12,
147,Everyone on WSB when they see u/DeepFuckingValue during the hearing.,2021-02-18 19:17:44,
148,"Ladies and Gentlemen, WE GOT THEM",2021-01-29 01:29:26,
149,Goodbye.,2021-02-11 04:59:24,
150,Big boys are rooting for us. This is far from over so FUCKING HOLD,2021-01-28 14:45:09,
151,AM I CLEAR NOW? WE HOLD ğŸ’ğŸ™ŒğŸš€,2021-02-01 02:51:01,
152,Vlad on his way to commit market manipulation after seeing the GME price,2021-02-25 16:31:33,
153,DIAMONDHANDS LETS GO,2021-02-08 01:43:44,
154,We are currently on this step of the process. HOLDğŸ’ğŸ¤—,2021-02-02 14:49:38,
155,Jon Stewart just joined twitter and he likes the stock!,2021-01-28 22:01:38,
156,GME YOLO update â€” Jan 25 2021,2021-01-25 21:05:36,
157,"Elon has transcended time, space, and county regulations",2020-05-11 20:41:17,
158,I feel like clarification is needed about Today,2021-02-02 00:17:47,"Thereâ€™s a lot of new people on here that donâ€™t really understand the play going on right now on both sides and I felt like we need to clear up some misconceptions so you can make your own decisions. 

**Why no spike today?**:

First of all, we canâ€™t know on what day the Squeeze happens / they cover their shorts. 
All we know is it has to happen sooner or later since the hedgefunds are losing millions if not billions EVERY SINGLE DAY THEY DONâ€™T COVER.Â 
They use several tactics to delay it, but they canâ€™t circumvent it.
Theyâ€™re bleeding, and all the retail investors holding are slowly sucking the blood out of their fat ugly bodies.

It might take just a few days, or weeks...
But eventually, when they cover, WE retail investors get to set the price.
Thatâ€™s why you keep seeing 10k (or 69420$) is not a meme. Because itâ€™s not.

We also know theyâ€™re down BAD. Why?
Because theyâ€™re attacking us any way they can and wasting millions doing so.

So letâ€™s see what tactics they are using:

**Short ladder attacks**:

What is a short ladder attack? 
The big hedgefunds are putting in lower and lower bid prices between themselves. There is little to no volume on those trades, and since no one can buy, it ""looks"" like the stock is plummeting. Itâ€™s only effective if we would sell. 

https://www.reddit.com/r/wallstreetbets/comments/l9ay2s/short_ladder_attack_explained/?utm_source=share&utm_medium=ios_app&utm_name=iossmf
https://www.reddit.com/r/wallstreetbets/comments/la6vcb/wall_street_plan_trying_to_psychologically_scare/?utm_source=share&utm_medium=ios_app&utm_name=iossmf

Just look at the volume. People are not selling:
https://www.reddit.com/r/wallstreetbets/comments/la5upr/dont_panic_and_just_look_at_the_fucking_volume/?utm_source=share&utm_medium=ios_app&utm_name=iossmf

**Infiltrating WSB and other social media**:

Here are some random screenshots I took of WSB Synth. Notice the people saying to jump ship and to take GME gains and invest into FORD. Obvious shills. Thereâ€™s tons of them. Always new, or old accounts that suddenly post again. All those people came in just in time when the short ladder attacks started, just to make it look like people are panic selling and convince us to sell:
https://www.reddit.com/r/wallstreetbets/comments/lahqex/notice_the_two_obvious_melvin_employees_time_to/?utm_source=share&utm_medium=ios_app&utm_name=iossmf

**Manipulating the Media**: 

Here are some News channels caught lying / manipulating the market: (SEC if you read this...)
https://www.reddit.com/r/wallstreetbets/comments/la8n7o/fake_news/
https://www.reddit.com/r/wallstreetbets/comments/la6e16/cnn_back_off_this_is_a_lie_literally_a_5_second/
https://www.reddit.com/r/wallstreetbets/comments/l9runf/the_silver_squeeze_is_a_hedgefund_coordinated/?utm_source=share&utm_medium=ios_app&utm_name=iossmf
https://www.reddit.com/r/wallstreetbets/comments/la8x7g/bloomberg_now_insisting_gme_is_old_news_ha/?utm_source=share&utm_medium=ios_app&utm_name=iossmf


Now letâ€™s get some clarification on **SILVER:**

There is so much misinformation swirling around concerning Silver. People donâ€™t seem to realize 3 things:

1. **Silver is not a get rich quick move. Silver is a LONG TERM HOLD move.** GME is a risky short term play. So YOU decide what makes more sense to get in right now. (Personally I sold all my stocks to buy GME today. YOLO)Â 
2. The actual Silver sub on reddit does not advocate buying SLV, nor do most of them believe SLV is the move to make.Â 
3. The hedge funds would love for you to go all-in on Silver and ignore the GME opportunity. Every dollar spent on SLV instead of GME is a double win for them, since SLV is inverting GME and they own a ton of Silver and thatâ€™s why theyâ€™re pushing this narrative in the media.Â 

SLV inverting GME: 
https://www.reddit.com/r/wallstreetbets/comments/la4mog/stop_buying_slv_you_smooth_brained_retards_its/?utm_source=share&utm_medium=ios_app&utm_name=iossmf

The amount of paper contracts or IShares SLV available is basically infinite. Physical silver is a rare physical commodity with a finite supply, and a very low supply of retail sized bars/rounds/coins.

**IF** you want to go into silver for whatever reason, buy physical. But thatâ€™s just my retard opinion. 

**SILVER ISNâ€™T â€œREDDITS NEXT BIG PLAYâ€œ.** You guys need to realize the GME situation is very unique and WSB is not, and never was about starting crazy short squeezes. GME is a rare opportunity where the big guys actually fucked up BIG TIME.

Silver squeeze not happening links: 
https://www.reddit.com/r/wallstreetbets/comments/la1o04/there_is_no_silver_short_squeeze_happening_none/?utm_source=share&utm_medium=ios_app&utm_name=iossmf
https://www.reddit.com/r/wallstreetbets/comments/la1xhf/guess_who_owns_tonnes_of_slv_options_fuck_citadel/?utm_source=share&utm_medium=ios_app&utm_name=iossmf
https://www.reddit.com/r/wallstreetbets/comments/l9runf/the_silver_squeeze_is_a_hedgefund_coordinated/?utm_source=share&utm_medium=ios_app&utm_name=iossmf

Well. Letâ€™s see to what extend they fucked up exactly:Â 

**Short Version:**
The short version is that a review of the **'strategic failsâ€“toâ€“deliver'** data indicates that institutional insiders may have counterfeited a massive number of Gamestop shares which is why they tried to stop retail investors from buying more shares on Thursday.

There are are **71 million shares** of GME that have ever been issued by the company. Institutions have reported to the SEC via 13F filings that they own more than **102,000,000** shares (including the 13% of GME stock is owned by Ryan Cohen).  That is already 30,000,000 shares more than even exist.

On top of the shares reportedly owned by institutions, retail investors may currently hold 50+ million shares (counting both  long holdings and call options â€“ both ITM and OTM).  

Once you include call options, **retail investors may already hold more than 100% of GME (not just 100% of the float, more than 100% of the actual company)**. This would be definitive proof of illegal activity at the highest levels of the financial system.

Long version here: https://www.reddit.com/r/wallstreetbets/comments/l9rk78/sec_doj_60_minutes_public_data_suggests_massive/?utm_source=share&utm_medium=ios_app&utm_name=iossmf

**At these levels itâ€™s NOT about the price, itâ€™s about the number of shares in the hedgefunds possession. Thatâ€™s why they want you to sell so bad.**

ğŸ¤šğŸ¼ğŸ’ğŸ¤šğŸ¼ğŸ’ğŸ¤šğŸ¼ğŸ’ğŸ¤šğŸ¼ğŸ’ğŸ¤šğŸ¼ğŸ’ğŸ¤šğŸ¼ğŸ’ğŸ¤šğŸ¼ğŸ’ğŸ¤šğŸ¼ğŸ’

Last but not least Iâ€™m holding because this is a once in a lifetime opportunity. Iâ€™m holding because I hope to see a better future and Iâ€™m holding for all you out there. 
To the Moon or zero. 

ğŸ¦ğŸ¦ğŸ¦ APES. STRONG. TOGETHER. ğŸ¦ğŸ¦ğŸ¦

Disclaimer: 
This is not financial advice, Iâ€™m literally an ape. I just like the stock. Do your own DD and avoid the fake new and/or resurrected accounts here and the manipulative Media.

Edit: wanted to post a few new posts but it seems like Iâ€™m shadow banned. No one can see my posts. 
I donâ€™t know if I got caught in some kind of spam filter.
u/only1parkjisung can a mod confirm this?"
159,I find myself in a position to pay for a service that I hope I never need to use - $5000 Donation to Children's Hospital,2021-01-30 17:58:21,
160,DFV(u/DeepFuckingValue) Just Got A Shoutout From Our Favorite Analyst,2021-01-27 17:47:53,
161,u/DeepFuckingValue has a Wikipedia page now,2021-02-20 08:49:08,
162,I KNEW MY SIMULATIONS WERE CORRECT!!!,2021-02-25 05:14:46,
163,Melvin & Friends,2021-01-31 04:42:43,
164,"CNBC & other media, here's a lesson on WSB lingo for you",2021-02-27 00:42:55,
165,AOC Turning into Dave Portnoy ğŸš€,2021-01-28 19:10:24,
166,Wallstreetbets I fucking love you,2021-02-12 23:47:45,
167,These tactics are as see through as my hands,2021-02-01 16:37:19,
168,Guess who owns tonnes of $SLV options? Fuck Citadel. This shit is co-ordinated,2021-02-01 12:25:17,
169,"Look ma, Iâ€™m famous! WSJ called me out for no reason in an article defending Robinhood. I donâ€™t even margin trade! ğŸ˜‚ Boomer Wall St is scared and clueless ğŸ¤¡",2021-02-01 21:17:21,
170,"Tomorrow, live from the capitol, 2/18/21 12PM ET",2021-02-17 12:17:28,
171,Why the fuck are we acting like we lost? We made GME go from 4 to 400 and it took combined trading platforms to silence and cheat to bring it to 90.,2021-02-02 22:34:12,"Did everyone forget what happened in Thursday? That was a calculated effort to bring down our position. FUCK OFF BILLIONAIRS, well still take you fucking money; who do you think will fund our food stamps?

We didnâ€™t â€œloseâ€ because we made a bad call, we â€œlostâ€ because we made the RIGHT call and this disturbed  some folks at the top. 

I was reading 2 articles in Wall Street journal and it made my blood boil- first article was saying â€œrandom penny stock went up 30% with no news or announcementâ€- the people that are paid to predict and report and are the expert at stock market are saying this shit. The second article right after made me want to fuck the writers wife: â€œGME and AMC, Reddit favorite stocks, plunged after apparent loss in interest from retail investorsâ€ LOSS IN  INTEREST? MOTHERFUCKER WE CAN ONLY BUY 5 FUCKING SHARES EACH. 

WE LIKE THE STOCK. THOSE FUCKS JUST DONâ€™T LET US BUY IT. How is GameStop and AMC and BB not already suing robinhood? Is any stock expert really gonna act like had they not restricted in Thursday, it would have went down that much? 

What the fuck is this gaslighting? That last week didnâ€™t happen? Why are every news channel acting like they called GME or BB or AMC falling like it happened organically and not deliberately by everyone involved? 

Is GME worth 400$? FUCK NO. But since when was the stock market about actual worth? Stocks have become fiat currency in themself, doesnâ€™t matter than company quarterly earnings, or its news, if people buy it, it goes up. When you restrict that- it goes down. 

We were up against billions of fund, trading platforms that we do not own or have a say in, our weapons, controlled by the enemy. Those fucks in TV acting like they actually called GME falling like this or acting like this is perfectly normal are trying to gaslight us about what happened in Thursday. 

FUCK THEM. We still got GME to go up and caused international fevor- we made the right call, we had the right stock, we had the right people, our enemies just had control of the only weapon we could use."
172,It seems like you already know where,2021-03-01 04:15:23,
173,HEY SEC - Here's your market manipulation. RH working to keep GME down.,2021-01-29 19:26:57,
174,Bought a car with $GME tendies-had to say thanks,2021-02-23 00:46:41,
175,They Underestimated How Retarded We Are...,2021-01-29 04:42:47,
176,Food bank donation with GME gains. Shelves fully stocked with tendies.,2021-02-20 16:53:13,
177,Hold!,2021-01-30 12:44:00,
178,MARC CUBAN SUPPORTS WSB! ğŸš€ğŸš€ğŸš€,2021-01-28 13:06:49,
179,STOP BUYING SLV YOU SMOOTH BRAINED RETARDS ITS TECHNICALLY INVERSING GME. *I LOST MY CRAYONS SO I HAD TO USE REAL CHARTS*,2021-02-01 14:46:00,
180,"I just bought $5,000 in $GME. I would not have done this if the brokerages didn't try to manipulate the market.",2021-01-28 20:52:00,"I've been following /r/wallstreetbets for years. Usually just for a laugh as I am a stodgy buy and hold guy and don't speculate often. When I saw the $GME shit happening a week ago I thought it was pure stupidity and was not planning on investing. In fact, I bought some $GME puts (which I've since sold since somehow they've gone up based on volatility) betting against the crowd here.

However, what has started as a decentralized short squeeze has morphed into a class movement. I'm a big populist and think we need big changes in this country, especially a transfer of wealth and power from the elites to the people. When this morphed into a class movement I became obsessed. However, I still wasn't going to buy in because I shy away from speculating on ultra risky stuff like this. But when Robinhood and all the other major brokerages colluded to cause a massive sell off, that's when it became a matter of principle. I've watched all day as the stock has remained relatively stable on very little volume. People are holding despite wall street twisting your arm and trying to make you tap out by only allowing you to sell. It's a beautiful thing to see. I don't think of my purchase as an investment, but as putting my own skin in the game as a fuck you against a rigged system."
181,How to Buy GME Above Broker Limits,2021-01-29 20:17:25,"How to Buy GME etc [Loophole]

Robinhood and other shitty brokerages are allowing us to buy 2, 5, or very low numbers of GME. However, they are allowing option contracts.

Hereâ€™s a trick that ~~will work.~~

**Update Feb 1 [Loophole Closed](https://www.reddit.com/r/ClassActionRobinHood/comments/la6sll/rh_blocks_exercising_of_gme_call_options/?utm_source=adioking&utm_medium=your_mom&utm_name=golden_fuckboy) **

1) Go to next nearest option expiration (Feb 5 as of today).
2) Scroll all the way down the call list.
3) Buy GME call option with the lowest +x.xx% (0% would be no premium at mark).
4) Immediately exercise.

I just exercised 2 contracts and now have 200 shares, blocking the shorts. You can repeat this process over and over if you are buying a lot.

Best of luck out there! Letâ€™s get them!!!

P.S. ~~If you can afford 100 shares but canâ€™t afford the risk, you can sell (heh...) some shares after you exercise and take risk off the table.~~

_Update:_ A screenshot has made it to me that Robinhood is blocking same day exercise so you would need to carry into the next trading day to exercise.

_This is NOT financial advice and is for informational purposes ONLY. You can lose 100% of anything you invest._

EDIT:

1) This works for pretty much any stock.

2) Thereâ€™s a catch. You need enough money (please donâ€™t use margin) to cover 100 shares. The way exercising works is you pay for the 100 shares at the strike price.

Example:

- $GME is $300
- The 2/5 $50c is $250 so it costs $25,000
- Cost to exercise would be $50 x 100 ($5000).
- Total cost: $30,000 (same as buying 100 shares)

After exercising you could then sell shares at open market and de-risk if you like and hold the remainder."
182,Donâ€™t know what mod gave this quote to Bloomberg... but I can get behind this message. Well done!,2021-01-29 20:15:05,
183,"""Give my regards to your puppet master!"" ğŸ™",2021-02-23 19:50:42,
184,Tweet from Mark Cuban - ... And we all have to respect people who choose to sell because they need to. Bills dont care what the market does. Get right and come back later - Words of wisdom indeed,2021-02-04 03:29:19,
185,"Itâ€™s time for a government bailout of GME shareholders at $10,000 per share. This would be roughly equivalent to the $700 billion bank bailout in 08 that was necessary to prevent â€˜systemic riskâ€™.",2021-01-29 13:47:56,"The short positions put on by the hedge funds are posing a systemic risk to the market.  Bail out both sides by liquidating the hedge funds, but not the brokers or clearinghouses, but also put a buy order in for $10k per share to allow GME shareholders to exit.  Isnâ€™t $700 billion better than a financial meltdown?  Just like last time you can â€˜put rules in place to make sure this wonâ€™t happen againâ€™

In 2008 the banks held risky assets and got bailed out because they said the innocent normal people would be hurt even more if you didnâ€™t bail them out, so the government did it.

We posed a risk to the liquidity of the hedge funds, brokers, and clearinghouses yesterday.  By bankrupting them it would probably cause a temporary stock market crash as they liquidate their positions.

Are we not now in the same position as the banks were in 2008?  Buy us out of our positions for $700 billion to save the rest of the market and the normal people right?

Edit because it got attention:  if this ever was a reality it would in the form of a loan to clearinghouses and brokers to cover any losses up to $10k per share.  They would have to pay it back over time.  The government would get the money back and reimburse taxpayers, while at the same time collecting taxes from the gains of the retail investors. Long term the clearinghouses and brokers recover, the market continues to function,  and then they never let hedge funds put on a risky play like that ever again. The hedge funds involved are deservedly bankrupt, and the retail traders get the reward they deserve by playing the free market game by the rules."
186,Racing to sell my stocks that I see featured on WSB and CNBC,2021-02-12 14:18:51,
187,Why is no one talking about Mark Cubanâ€™s tweets? (Link to thread that explains more in comments) WE LIKE THE STOCK ğŸš€ğŸ’ğŸ™ŒğŸ»,2021-01-30 02:46:45,
188,The Silver Squeeze is a hedge-fund coordinated attack so they can keep fighting the $GME fight,2021-02-01 01:53:09,"If you havenâ€™t been browsing WSB or doing your own research, youâ€™d probably think that the people on Twitter are correct in saying there is a silver squeeze happening and we should all get in on it. There are quite a few wsb-logo Twitter accounts pushing this. This is BS & the straight up the ANTITHESIS of who we are. 

By buying silver/going long on silver, you would be directly putting money into the pockets of the EXACT HEDGE FUNDS ON THE OTHER SIDE OF $GME ğŸš€ ğŸš€ ğŸš€ ğŸ’ ğŸ™Œ  The hedge funds are LONG silver NOT short silver.

The media, Wall Street, normies, and every other non-WSB autist are trying to push you to buy silver. This would be a tragic, irreversible decision that not only will most likely not make you any money because the squeeze is fake, it will put you on the sidelines from this righteous and glorious war we are in. 

If you are looking for alternative investments to GME, Iâ€™d recommend simply getting in on the $BANG GANG- Blackberry, AMC, Nokia, and GME. 

For the feds and the media and all the dumb people reading this, I am the last thing from a financial advisor and am a complete, 100%, full retard autist. 

BANG GANG CHEEEEEEEHOOOOOOOOO

Edit: I am not talking down on silver as an investment, I am not saying it's not a good hedge, I'm not saying anything bad about silver in any form. I'm simply pointing out that right now, this ""squeeze"" that all these people are referring to is definitely not a ""squeeze"" at all and is an artificial hedge-fund driven attempt to reduce the GME momentum and we should all be cognizant of the media manipulation and happening everywhere including right here. For all you that want to buy silver, great, buying the bullion directly in my humble autistic opinion is better than shares in a fund that supposedly buys it but don't trust some autist on the internet. BANG GANG

Edit #2: Fellow autists, we have ascended to the #2 post on all of reddit. Our $GME gains this week and beyond will carry us to the gates of Valhalla. Look to your left, now look to your right, these are your brethren and sisterthren who will diamond hands with you until we all pass down these tendies to our children's children. Onward."
189,I love you guys ğŸ˜˜,2021-01-23 11:30:41,
190,That's the whole story apes,2021-01-29 17:38:52,
191,ğŸ’ğŸ™ŒğŸ» You heard the Wolf!,2021-02-01 21:53:30,
192,ONE OF US - ONE OF US,2021-01-28 14:47:32,
193,The Legend of $GME,2021-02-08 22:19:52,
194,Which one of you glorious bastards did this?,2021-01-28 14:05:25,
195,Who stopped the losses for the millions who lost their jobs and homes during the 2007 GFC or 2020 Covid-19 pandemic? You don't get to just shut off the market just because you are on the wrong side of a trade.,2021-01-28 21:13:49,
196,"Donâ€™t stop holding, men! ğŸ®ğŸ›‘ğŸš€ğŸŒ‘",2021-01-28 21:35:47,
197,"America, Meet GameStop: WE'RE NOT FUCKING LEAVING ğŸ’ğŸ™ŒğŸ’ FOR LIFE",2021-02-25 18:10:21,
198,"$GME & $AMC Line comparation, from the last 5 Days...",2021-02-05 18:29:19,
199,"Hey, Bloomberg, how about you go fuck yourselves.",2021-02-21 13:31:12,
200,$GME Gang Awarding Their Own Posts,2021-01-30 02:20:16,
201,#LONG LIVE THE MEME ğŸš€ğŸš€ğŸš€,2021-01-07 20:02:06,
202,"BREAKING: CNBC Officially Gives Up, Stocks Enter Kangaroo Market",2020-06-12 22:00:23,
203,How the SEC treats Hedge Funds vs Retail investors,2021-02-16 18:32:21,
204,Just liquidated $188K worth of stonks AKA FRESH POWDER for the battle tomorrow ğŸš€ğŸš€ğŸš€ğŸš€,2021-01-29 04:41:02,
205,Power to the players,2021-02-24 22:58:32,
206,Down $59K. STILL HOLDING. Who else is still ğŸ’ğŸ–?,2021-02-03 12:42:44,
207,People in this sub need to understand that you only invest with the money you can afford to lose. Getting loans for buying stocks or putting your life's savings into this is not a great choice.,2021-02-04 20:29:00,"New members of this sub need to understand to only put in money that they can afford to lose. I can see comments of single mother putting her life savings in and college kids borrowing money at a very high interest and going all in.

This is not a joke. Losing money is not a joke. If you get a loan and buy a stock, you are at a risk. Only buy with money that you can afford to lose. Don't put your life savings or retirement corpus on this. 
For people who are getting emotional and going all in against the hedge funds, the hedge funds will have a small scratch and you would be destroyed in the end. The concept of YOLO with buying stocks works only till you don't go bankrupt.

I know this sub is now filled with a lot of new people telling you to buy the dip. Don't get emotional with money. This sub is for people who like to invest money that they can afford to lose, and not your life's savings when you are a single mother.

I know Ill get downvoted to oblivion saying a statement like this, when the whole sub would be filled with ""to the moon ğŸš€""
But please don't put in money you can't afford. Don't get loans and buy stocks. Money ain't coming easy and all the money you lost is earned by the hedge funds you wanted to destory in the first place.

___

Edit 1 : I dint expect this post to blow up. I honestly thought it would be downvoted to oblivion. But thanks folks. And I am not paper handed, still holding to the 1 stock I bought. I'll take it to the end. 
I'm not asking people to sell, just to not buy with money they can't afford to lose."
208,"I recruited an astronaut to help get us to the moon. Heâ€™s also an actor, scientist, doctor, and lawyer, and seriously knows his stuff! He loves the movies and we love the stock! Long live AMC!",2021-02-26 12:57:37,
209,Regulatory agencies overseeing short selling activities of big hedge funds,2021-01-31 20:07:33,
210,Imagine being in a casino...,2021-01-30 05:16:23,"Imagine you are a gambler enjoying a night at the casino.  You decide to play Blackjack.  Your hand is a ten and the dealer shows a 7.

""I would like to hit.""

""No sir.  You are only allowed to stand or surrender.""

""That's not the rules of the game.  Aren't you regulated?""

""Due to the votality your hand represents to the Casino, sir, you are only allowed to stand or surrender.  These are extraordinary times.""

""...are you only allowed to stand or surrender?""

""No sir.  In fact, we may double down.""

""Wait.  What?  You are the dealer, you can't put more money in that I didn't put in.  That money doesn't even exist on the table!""

""Sir, you have a gambling problem.  We might have to report the commission on you for attempting to hit with your hand because your friend told you that you should.""

""Wait, are you trying to make me fold?""

""Sir, we reported you to the newspaper for being a degenerate.""

""You guys are crazy!""

""Sir, we have decided that in order to protect your interests, you have decided to surrender."""
211,Finally A News Article Has the Right Info,2021-02-01 20:04:47,
212,Robbing the Hood,2021-01-30 22:06:52,
213,"digital billboard in johnson city, TN. retards are EVERYWHERE",2021-02-01 18:58:08,
214,"RH now limiting to 2 shares max of GME. This is the same shit as yesterday, just disguised.",2021-01-29 18:06:14,
215,30 Seconds From Triggering Market Nuclear Bomb,2021-01-28 22:59:39,"I'm glad this place has quieted down enough for some actual DD written by a monkey with a keyboard and Adderall.  

Disclaimer: I am that monkey.  Let me explain to you what happened, play by play.  I will give you illiterates who hate reading a spoiler up front: 

__We were within approximately 30 seconds of triggering a nuclear bomb that would have blown up the market.__ Do I have your attention?  Here goes:

1.	â Yesterday, new call option strike prices were added all the way up to $570.  Do I have to go over gamma squeezes again?  Really?  We've been over this: when deep out-of-the-money call options start being gobbled up and the price starts moving towards being in-the-money, the call writers have to hedge their risk of having their sold calls exercised, typically by buying stock.  This creates upwards pressure on the market.  We've been seeing these movements all week.
2.	â Yesterday after market, you probably saw that coordinated effort to drive the price down and spook retail investors into a mass sell-off.  It didn't work.
3.	â Last night, Robinhood sent out a message to users: you could no longer enter into new options.  You could exercise them if you had the collateral (money in the account) to do so.  Very interesting and the first sign of pants-shitting fear.
4.	â Today, the market opened very strong.  It opened so strong that we were looking at a self-perpetuating gamma squeeze all the way up way past $570.
5.	â At approximately 9:58 am, the stock had reached $468 in a parabolic move.
6.	â Two minutes earlier, at 9:56 am, Robinhood tweeted that they were not allowing users to buy GME stock, but they would allow selling.
7.	â The trend instantly halted and started a collapse downwards, before picking up a bit, especially after some retail was allowed back in.

Okay, now that you are clear on the facts, understand this: The market ran out of liquidity today, or was threatening to get close enough that they killed it.  What does that mean?  It means they ran out of shares and/or capital. They wouldn't let you buy new shares because we were burning through all the shares on the market.  

__I saw an unsubstantiated post from a user ([u/zshub](https://www.reddit.com/r/wallstreetbets/comments/l7bpf5/30_seconds_from_triggering_market_nuclear_bomb/gl5vgof/?utm_source=share&amp;utm_medium=ios_app&amp;utm_name=iossmf&amp;context=3)) who said a market sell order executed at $2600 for him.  Also, someone else for over [$5,000](https://www.reddit.com/r/wallstreetbets/comments/l7em07/coworker_had_a_limit_executed_of_a_little_over/?utm_source=share&utm_medium=ios_app&utm_name=iossmf) per share. Do you get the severity of the situation, if that's true?__ It means the buying was getting to the point where it was just about to put INFINITE pressure on the price of the shares.  It means virtually any ask was getting bid.

How do you get infinite upwards pressure?  A gamma squeeze triggering the mother of all short squeezes, just like we predicted.  The call writers need shares to hedge.  Retail is still buying more.  The short sellers need over 100% of the float back.  Add these together.  There were more shares needed than existed on the open market.  That's what a liquidity crisis is.

[Listen to this ](https://youtu.be/7RH4XKP55fM)to this remarkable (if infuriating) interview where the chairman of Interactive Brokers admits that they didn't have the capital to pay out the winners (us), so they took their ball and went home.  DO YOU GRASP HOW INSANE IT IS THAT HE SAID THEY NEEDED TO SHUT DOWN BUY ORDERS TO ""PROTECT THE MARKET""? Hello!  He's not talking about the market for GME shares.  He's talking about the entire market!  The New York Stock Exchange.  The NASDAQ.  All that.

Remember the movie Snowpiercer?  Do you remember that scene where the lower class people realize the soldiers who oppress them have no bullets?  Go to the 1:00 minute mark of this link: https://www.youtube.com/watch?v=EH1EtiOhr6o

It kick starts a full blown rebellion.  They have no bullets.  It's the exact same in this market:  No capital.  No shares.  Infinite losses inbound.

__TL;DR: For all you who will just skip to the bottom to ask, ""Do I get my tendies now?"" the answer is this: they NEED NEED NEED your shares.  Do you get that?  HOLD.  Like the guy in the movie, scream, ""They're out of bullets!"" and create a stampede.  That's how we win.__

They needed your shares so badly that they literally risked PRISON TIME to get them.  They tried robbing you, and I'm not even exaggerating.  They were within 30 seconds of all being wiped out today.

Credit: u/PlayFree_Bird"
216,Weed gang ğŸŒ³ğŸŒ³ğŸŒ³,2021-02-10 14:44:56,
217,ROBINHOOD WILL HAVE TO BREAK INTO MY WIFEâ€™S BOYFRIENDâ€™S HOUSE IF THEY WANT TO FORCE ME TO SELL MY GME,2021-01-30 22:44:06,
218,ğŸš€D I A M O N D ğŸ’ H A N D S ğŸ‘,2021-01-29 18:53:15,
219,Is it Monday Yet,2021-02-28 13:38:15,
220,Only 47% left to go !!,2021-01-31 14:35:33,
221,My Awesome WSB Birthday Cake - HOLD ğŸ¤²ğŸ’ğŸ¤²,2021-02-14 13:11:58,
222,Hear me out. Why Iâ€™m selling all my shares first thing Monday morning,2021-01-30 15:55:58,"

Iâ€™m not. 

We ride at dawn and hold!"
223,I spent more time on this than I like to admit,2021-02-27 16:13:39,
224,So much for college ğŸ¤£,2021-01-27 01:04:11,
225,HERE COMES THE MONEY,2021-02-25 10:56:02,
226,Walking into the stock market today,2021-02-23 14:41:58,
227,YOU NEVER SEE THEM IN THE SAME ROOM,2021-01-30 23:49:27,
228,"A dark part WallStreetBets history, and why it's important for you to know and remember",2021-01-28 22:32:58,"Edit 02/04: not a week since this post was made, here we fucking go again. History rhymes and people donâ€™t fucking learn. If ğŸ…±ï¸artek didnâ€™t get away with it, you wonâ€™t either. 

Edit 02/04 #2: [We did it Reddit](https://reddit.com/r/wallstreetbets/comments/lcvluc/an_update_on_the_wsb_coup_d%C3%A9tat/)! 


tl;dr on tl;dr: Founder bad, greedy, got banned for being greedy. Being greedy again with new spotlight on the sub. 

tl;dr, in 2020 the original founder (after being gone for years and did nothing to contribute to the sub), along with a couple of mods, attempted to monetize the sub for personal gains. Users and other mods fought back. Hundreds of users got mass banned for speaking out, mods who spoke out got removed as mods. With some help from users, mods found precedent of another sub creator getting banned for trying to monetize a sub and sent plea to Reddit admins. Reddit admins banned offenders and gave sub back to the good mods. 

u/SpeaksInBooleans (RIP) investigated the circumstance of the events and made video exposing the offenders:

[Part 1](https://www.youtube.com/watch?v=caoF3jH7yG4)

[Part 2](https://www.youtube.com/watch?v=OIFI7YzmAVI)

[Part 3](https://www.youtube.com/watch?v=UcgvEVyzFlE)

[Part 4](https://www.youtube.com/watch?v=4oaA2MP1WD4)

[Part 5](https://www.youtube.com/watch?v=ecmL9UOINH0)

[Part 6](https://www.youtube.com/watch?v=5CUqskfiRIE)

[Mega thread after the victory](https://www.reddit.com/r/wallstreetbets/comments/fx5zwf/ladies_and_gentlemen_we_got_him/) for reference. 

It's important to know/remember this now, because the same person that got exiled for being a tyrant is doing a media circus, trying to ride the current spotlight for personal gain, again. Hey CNN and WSJ, stop interviewing that dipshit. The sub has always been about its people, and what you guys wanted to do (as retarded as you are). No single person speaks for the sub and controls its destiny. It is in good hands with u/zjz aka u/SwineFluPandemic

Edit: He is spreading complete lies about the sub and the mods that got him removed:

>	Despite being its founder, Rogozinski was kicked out of the forum in April for trying to eliminate the hate speech plaguing the community.

>â€œThere were a handful of mods who were straight up white supremacists,â€ he said.

>â€œI have really thick skin and people can say whatever they want to me, but at some point thereâ€™s a moral standpoint â€” like with my kids, I donâ€™t want them to think, â€˜Well, they can say whatever they want about you,â€™â€ he told the paper."
229,How to get oil back up,2020-04-21 01:18:21,
230,100% Accurate,2020-08-06 09:53:52,
231,RH eases restrictions again in AMC and GME,2021-02-04 02:26:48,
232,CNBC thinks loss porn isn't a thing!,2021-01-30 02:13:43,
233,"Iâ€™m pleased to announce my weekly GME gains of $69,694.20. Very bullish for Monday with these good luck numbers!",2021-02-01 04:40:14,
234,We did it boys - we saved the movie theater industry from COVID so we can enjoy premieres together when it ends! ğŸš€ Has anyone else also missed the theater experience?,2021-01-29 19:23:42,
235,"6M in GameStop GME. Following through. Canâ€™t stop, wonâ€™t stop, lift off",2021-01-26 22:37:09,
236,I guess they didnâ€™t like my â€œprinter goes brrrrrâ€ posts every day.,2020-06-12 12:05:08,
237,Lots of Ass Tattoos coming soon!,2021-02-25 15:10:53,
238,Congressman Calls Robinhood CEOs Bluff and Calls Help Line During Hearing. He Gets sent Voicemail,2021-02-19 00:52:18,
239,Always buy the dip!,2021-01-28 15:33:10,
240,Oh my god I'm going to fucking pass out.,2021-02-24 20:58:21,
241,This is what covering their ass looks like. Closing long positions to cover GME loss. The effects of 140% naked shorting NOT WSB. ğŸ’,2021-01-31 14:10:35,
242,THEY'VE GOT NO BULLETS,2021-01-29 19:18:00,
243,We're going *higher* than the moon,2021-02-10 17:03:24,
244,Bought at the top to encourage you retards to not give up,2021-01-27 15:58:26,
245,GME Megathread,2021-01-28 16:27:17,"Keep it all here. Please.

We love you guys too. Be kind to each other."
